node,time,state
1,0.0,0
1,1.0,0
1,2.0,0
1,3.0,0
1,4.0,0
1,5.0,1
1,6.0,0
1,7.0,0
1,8.0,1
1,9.0,1
1,10.0,1
1,11.0,1
1,12.0,1
1,13.0,0
1,14.0,1
1,15.0,0
1,16.0,0
1,17.0,1
1,18.0,0
1,19.0,1
1,20.0,1
1,21.0,1
1,22.0,1
1,23.0,1
1,24.0,1
1,25.0,1
1,26.0,1
1,27.0,1
1,28.0,1
1,29.0,1
1,30.0,1
1,31.0,1
1,32.0,0
1,33.0,1
1,34.0,1
1,35.0,0
1,36.0,1
1,37.0,1
1,38.0,1
1,39.0,1
1,40.0,1
1,41.0,1
1,42.0,1
1,43.0,0
1,44.0,1
1,45.0,1
1,46.0,1
1,47.0,1
1,48.0,0
1,49.0,1
1,50.0,0
1,51.0,1
1,52.0,1
1,53.0,0
1,54.0,1
1,55.0,1
1,56.0,1
1,57.0,1
1,58.0,1
1,59.0,0
1,60.0,0
1,61.0,1
1,62.0,1
1,63.0,0
1,64.0,1
1,65.0,1
1,66.0,0
1,67.0,1
1,68.0,1
1,69.0,0
1,70.0,0
1,71.0,1
1,72.0,0
1,73.0,1
1,74.0,1
1,75.0,1
1,76.0,1
1,77.0,0
1,78.0,0
1,79.0,0
1,80.0,1
1,81.0,1
1,82.0,1
1,83.0,1
1,84.0,1
1,85.0,1
1,86.0,1
1,87.0,1
1,88.0,1
1,89.0,1
1,90.0,0
1,91.0,1
1,92.0,1
1,93.0,1
1,94.0,1
1,95.0,1
1,96.0,1
1,97.0,0
1,98.0,0
1,99.0,1
1,100.0,1
2,0.0,0
2,1.0,0
2,2.0,1
2,3.0,1
2,4.0,1
2,5.0,1
2,6.0,1
2,7.0,1
2,8.0,1
2,9.0,1
2,10.0,1
2,11.0,1
2,12.0,1
2,13.0,1
2,14.0,0
2,15.0,1
2,16.0,1
2,17.0,1
2,18.0,1
2,19.0,0
2,20.0,1
2,21.0,1
2,22.0,0
2,23.0,1
2,24.0,1
2,25.0,1
2,26.0,0
2,27.0,0
2,28.0,0
2,29.0,1
2,30.0,1
2,31.0,1
2,32.0,1
2,33.0,1
2,34.0,1
2,35.0,1
2,36.0,1
2,37.0,0
2,38.0,0
2,39.0,1
2,40.0,1
2,41.0,1
2,42.0,1
2,43.0,1
2,44.0,1
2,45.0,1
2,46.0,0
2,47.0,1
2,48.0,1
2,49.0,1
2,50.0,1
2,51.0,1
2,52.0,1
2,53.0,1
2,54.0,1
2,55.0,1
2,56.0,1
2,57.0,1
2,58.0,1
2,59.0,1
2,60.0,1
2,61.0,1
2,62.0,1
2,63.0,1
2,64.0,1
2,65.0,1
2,66.0,1
2,67.0,1
2,68.0,1
2,69.0,0
2,70.0,1
2,71.0,1
2,72.0,1
2,73.0,0
2,74.0,1
2,75.0,1
2,76.0,1
2,77.0,1
2,78.0,1
2,79.0,1
2,80.0,1
2,81.0,1
2,82.0,1
2,83.0,1
2,84.0,1
2,85.0,1
2,86.0,0
2,87.0,0
2,88.0,0
2,89.0,1
2,90.0,0
2,91.0,1
2,92.0,1
2,93.0,1
2,94.0,1
2,95.0,1
2,96.0,1
2,97.0,1
2,98.0,0
2,99.0,1
2,100.0,0
3,0.0,0
3,1.0,0
3,2.0,1
3,3.0,0
3,4.0,1
3,5.0,1
3,6.0,1
3,7.0,1
3,8.0,1
3,9.0,1
3,10.0,1
3,11.0,1
3,12.0,1
3,13.0,1
3,14.0,0
3,15.0,1
3,16.0,1
3,17.0,0
3,18.0,1
3,19.0,0
3,20.0,0
3,21.0,0
3,22.0,0
3,23.0,0
3,24.0,1
3,25.0,1
3,26.0,1
3,27.0,1
3,28.0,1
3,29.0,1
3,30.0,1
3,31.0,1
3,32.0,1
3,33.0,0
3,34.0,1
3,35.0,1
3,36.0,1
3,37.0,1
3,38.0,1
3,39.0,0
3,40.0,0
3,41.0,0
3,42.0,0
3,43.0,1
3,44.0,1
3,45.0,1
3,46.0,1
3,47.0,1
3,48.0,1
3,49.0,1
3,50.0,1
3,51.0,1
3,52.0,0
3,53.0,0
3,54.0,1
3,55.0,1
3,56.0,1
3,57.0,1
3,58.0,1
3,59.0,1
3,60.0,1
3,61.0,1
3,62.0,1
3,63.0,1
3,64.0,1
3,65.0,0
3,66.0,0
3,67.0,0
3,68.0,0
3,69.0,1
3,70.0,0
3,71.0,1
3,72.0,0
3,73.0,1
3,74.0,0
3,75.0,1
3,76.0,1
3,77.0,0
3,78.0,1
3,79.0,1
3,80.0,1
3,81.0,1
3,82.0,1
3,83.0,0
3,84.0,0
3,85.0,1
3,86.0,1
3,87.0,1
3,88.0,1
3,89.0,1
3,90.0,1
3,91.0,1
3,92.0,1
3,93.0,1
3,94.0,0
3,95.0,1
3,96.0,0
3,97.0,0
3,98.0,0
3,99.0,1
3,100.0,1
4,0.0,0
4,1.0,0
4,2.0,1
4,3.0,1
4,4.0,1
4,5.0,1
4,6.0,0
4,7.0,0
4,8.0,0
4,9.0,1
4,10.0,1
4,11.0,0
4,12.0,1
4,13.0,1
4,14.0,1
4,15.0,0
4,16.0,0
4,17.0,1
4,18.0,1
4,19.0,0
4,20.0,1
4,21.0,1
4,22.0,1
4,23.0,1
4,24.0,1
4,25.0,1
4,26.0,1
4,27.0,1
4,28.0,1
4,29.0,1
4,30.0,1
4,31.0,1
4,32.0,1
4,33.0,0
4,34.0,0
4,35.0,1
4,36.0,1
4,37.0,1
4,38.0,0
4,39.0,1
4,40.0,1
4,41.0,1
4,42.0,1
4,43.0,1
4,44.0,1
4,45.0,1
4,46.0,1
4,47.0,1
4,48.0,0
4,49.0,0
4,50.0,1
4,51.0,1
4,52.0,1
4,53.0,0
4,54.0,0
4,55.0,1
4,56.0,1
4,57.0,1
4,58.0,1
4,59.0,1
4,60.0,1
4,61.0,1
4,62.0,1
4,63.0,1
4,64.0,1
4,65.0,1
4,66.0,0
4,67.0,0
4,68.0,0
4,69.0,1
4,70.0,1
4,71.0,1
4,72.0,1
4,73.0,1
4,74.0,1
4,75.0,1
4,76.0,1
4,77.0,1
4,78.0,1
4,79.0,1
4,80.0,0
4,81.0,1
4,82.0,1
4,83.0,1
4,84.0,0
4,85.0,1
4,86.0,0
4,87.0,1
4,88.0,0
4,89.0,0
4,90.0,1
4,91.0,1
4,92.0,1
4,93.0,1
4,94.0,0
4,95.0,1
4,96.0,0
4,97.0,1
4,98.0,1
4,99.0,1
4,100.0,0
5,0.0,0
5,1.0,0
5,2.0,0
5,3.0,0
5,4.0,0
5,5.0,1
5,6.0,1
5,7.0,1
5,8.0,1
5,9.0,1
5,10.0,0
5,11.0,1
5,12.0,1
5,13.0,0
5,14.0,1
5,15.0,0
5,16.0,1
5,17.0,1
5,18.0,1
5,19.0,1
5,20.0,0
5,21.0,0
5,22.0,1
5,23.0,0
5,24.0,1
5,25.0,1
5,26.0,1
5,27.0,0
5,28.0,1
5,29.0,0
5,30.0,0
5,31.0,0
5,32.0,0
5,33.0,1
5,34.0,1
5,35.0,1
5,36.0,1
5,37.0,1
5,38.0,1
5,39.0,1
5,40.0,1
5,41.0,1
5,42.0,1
5,43.0,0
5,44.0,1
5,45.0,1
5,46.0,1
5,47.0,0
5,48.0,1
5,49.0,1
5,50.0,0
5,51.0,0
5,52.0,1
5,53.0,0
5,54.0,1
5,55.0,1
5,56.0,1
5,57.0,0
5,58.0,1
5,59.0,1
5,60.0,1
5,61.0,1
5,62.0,1
5,63.0,1
5,64.0,1
5,65.0,1
5,66.0,1
5,67.0,1
5,68.0,0
5,69.0,0
5,70.0,1
5,71.0,0
5,72.0,1
5,73.0,1
5,74.0,1
5,75.0,1
5,76.0,1
5,77.0,0
5,78.0,0
5,79.0,0
5,80.0,1
5,81.0,0
5,82.0,0
5,83.0,0
5,84.0,1
5,85.0,1
5,86.0,1
5,87.0,1
5,88.0,0
5,89.0,1
5,90.0,1
5,91.0,1
5,92.0,1
5,93.0,1
5,94.0,0
5,95.0,1
5,96.0,1
5,97.0,1
5,98.0,0
5,99.0,1
5,100.0,1
6,0.0,0
6,1.0,0
6,2.0,0
6,3.0,0
6,4.0,1
6,5.0,1
6,6.0,1
6,7.0,1
6,8.0,1
6,9.0,1
6,10.0,0
6,11.0,0
6,12.0,1
6,13.0,1
6,14.0,1
6,15.0,1
6,16.0,1
6,17.0,1
6,18.0,1
6,19.0,1
6,20.0,1
6,21.0,1
6,22.0,1
6,23.0,1
6,24.0,1
6,25.0,1
6,26.0,1
6,27.0,1
6,28.0,1
6,29.0,1
6,30.0,0
6,31.0,1
6,32.0,1
6,33.0,1
6,34.0,1
6,35.0,0
6,36.0,0
6,37.0,1
6,38.0,0
6,39.0,1
6,40.0,1
6,41.0,0
6,42.0,1
6,43.0,1
6,44.0,1
6,45.0,1
6,46.0,1
6,47.0,1
6,48.0,1
6,49.0,1
6,50.0,1
6,51.0,1
6,52.0,1
6,53.0,1
6,54.0,1
6,55.0,0
6,56.0,1
6,57.0,1
6,58.0,0
6,59.0,1
6,60.0,1
6,61.0,1
6,62.0,1
6,63.0,1
6,64.0,1
6,65.0,1
6,66.0,1
6,67.0,1
6,68.0,0
6,69.0,0
6,70.0,1
6,71.0,1
6,72.0,1
6,73.0,1
6,74.0,1
6,75.0,1
6,76.0,1
6,77.0,1
6,78.0,1
6,79.0,0
6,80.0,0
6,81.0,1
6,82.0,1
6,83.0,0
6,84.0,1
6,85.0,1
6,86.0,1
6,87.0,1
6,88.0,1
6,89.0,1
6,90.0,1
6,91.0,0
6,92.0,1
6,93.0,1
6,94.0,0
6,95.0,1
6,96.0,1
6,97.0,1
6,98.0,1
6,99.0,0
6,100.0,1
7,0.0,0
7,1.0,0
7,2.0,0
7,3.0,0
7,4.0,1
7,5.0,1
7,6.0,1
7,7.0,1
7,8.0,1
7,9.0,1
7,10.0,1
7,11.0,1
7,12.0,1
7,13.0,0
7,14.0,0
7,15.0,1
7,16.0,1
7,17.0,0
7,18.0,0
7,19.0,1
7,20.0,1
7,21.0,1
7,22.0,1
7,23.0,1
7,24.0,1
7,25.0,0
7,26.0,0
7,27.0,1
7,28.0,1
7,29.0,1
7,30.0,0
7,31.0,1
7,32.0,0
7,33.0,1
7,34.0,0
7,35.0,0
7,36.0,1
7,37.0,1
7,38.0,0
7,39.0,1
7,40.0,1
7,41.0,1
7,42.0,1
7,43.0,1
7,44.0,0
7,45.0,1
7,46.0,1
7,47.0,1
7,48.0,0
7,49.0,0
7,50.0,1
7,51.0,1
7,52.0,1
7,53.0,1
7,54.0,1
7,55.0,1
7,56.0,0
7,57.0,0
7,58.0,1
7,59.0,1
7,60.0,1
7,61.0,1
7,62.0,1
7,63.0,1
7,64.0,1
7,65.0,1
7,66.0,1
7,67.0,1
7,68.0,0
7,69.0,0
7,70.0,1
7,71.0,1
7,72.0,1
7,73.0,1
7,74.0,1
7,75.0,1
7,76.0,1
7,77.0,1
7,78.0,1
7,79.0,1
7,80.0,0
7,81.0,0
7,82.0,0
7,83.0,0
7,84.0,1
7,85.0,0
7,86.0,1
7,87.0,0
7,88.0,1
7,89.0,1
7,90.0,1
7,91.0,1
7,92.0,1
7,93.0,1
7,94.0,1
7,95.0,1
7,96.0,1
7,97.0,1
7,98.0,1
7,99.0,1
7,100.0,1
8,0.0,0
8,1.0,0
8,2.0,0
8,3.0,1
8,4.0,0
8,5.0,1
8,6.0,0
8,7.0,1
8,8.0,1
8,9.0,1
8,10.0,1
8,11.0,1
8,12.0,1
8,13.0,0
8,14.0,1
8,15.0,1
8,16.0,1
8,17.0,1
8,18.0,0
8,19.0,0
8,20.0,1
8,21.0,1
8,22.0,0
8,23.0,0
8,24.0,1
8,25.0,0
8,26.0,0
8,27.0,1
8,28.0,1
8,29.0,1
8,30.0,1
8,31.0,1
8,32.0,0
8,33.0,1
8,34.0,1
8,35.0,1
8,36.0,0
8,37.0,0
8,38.0,1
8,39.0,1
8,40.0,0
8,41.0,0
8,42.0,0
8,43.0,0
8,44.0,1
8,45.0,1
8,46.0,0
8,47.0,0
8,48.0,1
8,49.0,1
8,50.0,0
8,51.0,0
8,52.0,1
8,53.0,1
8,54.0,1
8,55.0,1
8,56.0,1
8,57.0,0
8,58.0,0
8,59.0,0
8,60.0,1
8,61.0,1
8,62.0,1
8,63.0,1
8,64.0,0
8,65.0,1
8,66.0,1
8,67.0,1
8,68.0,1
8,69.0,1
8,70.0,1
8,71.0,1
8,72.0,1
8,73.0,1
8,74.0,0
8,75.0,0
8,76.0,1
8,77.0,1
8,78.0,0
8,79.0,1
8,80.0,1
8,81.0,0
8,82.0,0
8,83.0,1
8,84.0,0
8,85.0,0
8,86.0,0
8,87.0,1
8,88.0,1
8,89.0,0
8,90.0,1
8,91.0,1
8,92.0,1
8,93.0,1
8,94.0,1
8,95.0,1
8,96.0,1
8,97.0,1
8,98.0,1
8,99.0,1
8,100.0,0
9,0.0,0
9,1.0,0
9,2.0,1
9,3.0,1
9,4.0,1
9,5.0,0
9,6.0,0
9,7.0,1
9,8.0,0
9,9.0,1
9,10.0,1
9,11.0,1
9,12.0,1
9,13.0,1
9,14.0,1
9,15.0,1
9,16.0,0
9,17.0,0
9,18.0,0
9,19.0,1
9,20.0,1
9,21.0,1
9,22.0,1
9,23.0,0
9,24.0,1
9,25.0,1
9,26.0,0
9,27.0,1
9,28.0,1
9,29.0,1
9,30.0,0
9,31.0,1
9,32.0,1
9,33.0,0
9,34.0,1
9,35.0,1
9,36.0,1
9,37.0,1
9,38.0,1
9,39.0,1
9,40.0,1
9,41.0,1
9,42.0,1
9,43.0,1
9,44.0,1
9,45.0,1
9,46.0,1
9,47.0,1
9,48.0,1
9,49.0,1
9,50.0,1
9,51.0,0
9,52.0,0
9,53.0,1
9,54.0,1
9,55.0,1
9,56.0,1
9,57.0,1
9,58.0,0
9,59.0,0
9,60.0,0
9,61.0,0
9,62.0,1
9,63.0,1
9,64.0,0
9,65.0,1
9,66.0,0
9,67.0,0
9,68.0,1
9,69.0,0
9,70.0,0
9,71.0,1
9,72.0,1
9,73.0,1
9,74.0,1
9,75.0,1
9,76.0,1
9,77.0,1
9,78.0,1
9,79.0,1
9,80.0,1
9,81.0,1
9,82.0,1
9,83.0,0
9,84.0,1
9,85.0,1
9,86.0,1
9,87.0,0
9,88.0,1
9,89.0,1
9,90.0,1
9,91.0,1
9,92.0,1
9,93.0,1
9,94.0,1
9,95.0,1
9,96.0,0
9,97.0,0
9,98.0,0
9,99.0,0
9,100.0,0
10,0.0,0
10,1.0,0
10,2.0,0
10,3.0,0
10,4.0,1
10,5.0,1
10,6.0,1
10,7.0,0
10,8.0,0
10,9.0,0
10,10.0,1
10,11.0,1
10,12.0,0
10,13.0,1
10,14.0,1
10,15.0,1
10,16.0,1
10,17.0,1
10,18.0,1
10,19.0,0
10,20.0,0
10,21.0,0
10,22.0,0
10,23.0,1
10,24.0,1
10,25.0,1
10,26.0,0
10,27.0,1
10,28.0,1
10,29.0,0
10,30.0,0
10,31.0,1
10,32.0,1
10,33.0,1
10,34.0,1
10,35.0,1
10,36.0,1
10,37.0,1
10,38.0,0
10,39.0,0
10,40.0,0
10,41.0,0
10,42.0,0
10,43.0,0
10,44.0,1
10,45.0,1
10,46.0,1
10,47.0,0
10,48.0,1
10,49.0,1
10,50.0,0
10,51.0,1
10,52.0,1
10,53.0,1
10,54.0,1
10,55.0,1
10,56.0,1
10,57.0,1
10,58.0,1
10,59.0,1
10,60.0,0
10,61.0,0
10,62.0,1
10,63.0,0
10,64.0,1
10,65.0,1
10,66.0,1
10,67.0,1
10,68.0,1
10,69.0,1
10,70.0,1
10,71.0,1
10,72.0,1
10,73.0,1
10,74.0,0
10,75.0,0
10,76.0,1
10,77.0,1
10,78.0,1
10,79.0,1
10,80.0,0
10,81.0,0
10,82.0,1
10,83.0,1
10,84.0,1
10,85.0,1
10,86.0,1
10,87.0,1
10,88.0,1
10,89.0,1
10,90.0,1
10,91.0,1
10,92.0,1
10,93.0,1
10,94.0,0
10,95.0,1
10,96.0,1
10,97.0,1
10,98.0,1
10,99.0,0
10,100.0,0
11,0.0,0
11,1.0,0
11,2.0,0
11,3.0,0
11,4.0,0
11,5.0,1
11,6.0,1
11,7.0,1
11,8.0,1
11,9.0,0
11,10.0,1
11,11.0,1
11,12.0,1
11,13.0,1
11,14.0,1
11,15.0,1
11,16.0,1
11,17.0,0
11,18.0,0
11,19.0,1
11,20.0,1
11,21.0,0
11,22.0,0
11,23.0,0
11,24.0,0
11,25.0,1
11,26.0,1
11,27.0,1
11,28.0,1
11,29.0,1
11,30.0,1
11,31.0,1
11,32.0,0
11,33.0,1
11,34.0,1
11,35.0,1
11,36.0,1
11,37.0,1
11,38.0,0
11,39.0,0
11,40.0,0
11,41.0,1
11,42.0,1
11,43.0,1
11,44.0,1
11,45.0,1
11,46.0,1
11,47.0,1
11,48.0,1
11,49.0,1
11,50.0,1
11,51.0,1
11,52.0,1
11,53.0,1
11,54.0,1
11,55.0,0
11,56.0,1
11,57.0,1
11,58.0,0
11,59.0,1
11,60.0,1
11,61.0,0
11,62.0,1
11,63.0,1
11,64.0,1
11,65.0,0
11,66.0,0
11,67.0,1
11,68.0,1
11,69.0,1
11,70.0,1
11,71.0,1
11,72.0,1
11,73.0,1
11,74.0,1
11,75.0,1
11,76.0,1
11,77.0,1
11,78.0,1
11,79.0,1
11,80.0,1
11,81.0,1
11,82.0,1
11,83.0,0
11,84.0,0
11,85.0,1
11,86.0,1
11,87.0,1
11,88.0,1
11,89.0,1
11,90.0,1
11,91.0,1
11,92.0,1
11,93.0,0
11,94.0,1
11,95.0,1
11,96.0,1
11,97.0,1
11,98.0,1
11,99.0,1
11,100.0,1
12,0.0,0
12,1.0,0
12,2.0,0
12,3.0,0
12,4.0,1
12,5.0,0
12,6.0,1
12,7.0,1
12,8.0,1
12,9.0,1
12,10.0,1
12,11.0,1
12,12.0,1
12,13.0,1
12,14.0,1
12,15.0,0
12,16.0,1
12,17.0,1
12,18.0,1
12,19.0,1
12,20.0,1
12,21.0,1
12,22.0,1
12,23.0,1
12,24.0,1
12,25.0,0
12,26.0,1
12,27.0,1
12,28.0,0
12,29.0,0
12,30.0,0
12,31.0,1
12,32.0,1
12,33.0,1
12,34.0,1
12,35.0,1
12,36.0,1
12,37.0,1
12,38.0,0
12,39.0,0
12,40.0,1
12,41.0,1
12,42.0,0
12,43.0,0
12,44.0,0
12,45.0,1
12,46.0,1
12,47.0,0
12,48.0,1
12,49.0,0
12,50.0,0
12,51.0,1
12,52.0,1
12,53.0,1
12,54.0,1
12,55.0,0
12,56.0,1
12,57.0,0
12,58.0,1
12,59.0,1
12,60.0,1
12,61.0,1
12,62.0,1
12,63.0,0
12,64.0,0
12,65.0,0
12,66.0,0
12,67.0,1
12,68.0,1
12,69.0,0
12,70.0,1
12,71.0,1
12,72.0,0
12,73.0,1
12,74.0,1
12,75.0,1
12,76.0,0
12,77.0,1
12,78.0,1
12,79.0,1
12,80.0,1
12,81.0,1
12,82.0,1
12,83.0,1
12,84.0,0
12,85.0,1
12,86.0,1
12,87.0,1
12,88.0,1
12,89.0,0
12,90.0,1
12,91.0,1
12,92.0,1
12,93.0,1
12,94.0,0
12,95.0,1
12,96.0,0
12,97.0,0
12,98.0,0
12,99.0,0
12,100.0,0
13,0.0,0
13,1.0,0
13,2.0,0
13,3.0,0
13,4.0,1
13,5.0,1
13,6.0,1
13,7.0,1
13,8.0,1
13,9.0,1
13,10.0,1
13,11.0,1
13,12.0,1
13,13.0,1
13,14.0,1
13,15.0,1
13,16.0,0
13,17.0,1
13,18.0,1
13,19.0,1
13,20.0,1
13,21.0,1
13,22.0,1
13,23.0,1
13,24.0,1
13,25.0,0
13,26.0,0
13,27.0,0
13,28.0,1
13,29.0,1
13,30.0,1
13,31.0,1
13,32.0,1
13,33.0,1
13,34.0,1
13,35.0,1
13,36.0,1
13,37.0,1
13,38.0,1
13,39.0,0
13,40.0,1
13,41.0,1
13,42.0,1
13,43.0,1
13,44.0,1
13,45.0,1
13,46.0,0
13,47.0,1
13,48.0,1
13,49.0,0
13,50.0,0
13,51.0,1
13,52.0,1
13,53.0,1
13,54.0,1
13,55.0,1
13,56.0,1
13,57.0,1
13,58.0,1
13,59.0,0
13,60.0,1
13,61.0,0
13,62.0,1
13,63.0,1
13,64.0,1
13,65.0,1
13,66.0,1
13,67.0,1
13,68.0,0
13,69.0,1
13,70.0,1
13,71.0,1
13,72.0,0
13,73.0,1
13,74.0,1
13,75.0,1
13,76.0,1
13,77.0,1
13,78.0,1
13,79.0,1
13,80.0,0
13,81.0,1
13,82.0,1
13,83.0,0
13,84.0,1
13,85.0,0
13,86.0,1
13,87.0,1
13,88.0,1
13,89.0,1
13,90.0,1
13,91.0,0
13,92.0,1
13,93.0,1
13,94.0,0
13,95.0,0
13,96.0,1
13,97.0,0
13,98.0,1
13,99.0,1
13,100.0,0
14,0.0,1
14,1.0,1
14,2.0,1
14,3.0,0
14,4.0,1
14,5.0,1
14,6.0,1
14,7.0,1
14,8.0,1
14,9.0,1
14,10.0,0
14,11.0,0
14,12.0,0
14,13.0,0
14,14.0,1
14,15.0,1
14,16.0,1
14,17.0,1
14,18.0,0
14,19.0,1
14,20.0,1
14,21.0,1
14,22.0,0
14,23.0,1
14,24.0,1
14,25.0,1
14,26.0,0
14,27.0,1
14,28.0,1
14,29.0,1
14,30.0,0
14,31.0,0
14,32.0,1
14,33.0,1
14,34.0,1
14,35.0,1
14,36.0,0
14,37.0,1
14,38.0,0
14,39.0,1
14,40.0,1
14,41.0,1
14,42.0,1
14,43.0,1
14,44.0,1
14,45.0,1
14,46.0,1
14,47.0,1
14,48.0,0
14,49.0,1
14,50.0,0
14,51.0,0
14,52.0,1
14,53.0,0
14,54.0,1
14,55.0,0
14,56.0,1
14,57.0,0
14,58.0,1
14,59.0,1
14,60.0,1
14,61.0,1
14,62.0,1
14,63.0,0
14,64.0,1
14,65.0,1
14,66.0,1
14,67.0,1
14,68.0,1
14,69.0,1
14,70.0,1
14,71.0,1
14,72.0,1
14,73.0,1
14,74.0,1
14,75.0,1
14,76.0,1
14,77.0,1
14,78.0,1
14,79.0,1
14,80.0,1
14,81.0,0
14,82.0,1
14,83.0,1
14,84.0,1
14,85.0,0
14,86.0,0
14,87.0,1
14,88.0,1
14,89.0,1
14,90.0,1
14,91.0,1
14,92.0,1
14,93.0,1
14,94.0,1
14,95.0,1
14,96.0,0
14,97.0,0
14,98.0,1
14,99.0,1
14,100.0,1
15,0.0,0
15,1.0,0
15,2.0,0
15,3.0,0
15,4.0,1
15,5.0,1
15,6.0,1
15,7.0,1
15,8.0,1
15,9.0,1
15,10.0,1
15,11.0,0
15,12.0,0
15,13.0,1
15,14.0,0
15,15.0,1
15,16.0,1
15,17.0,1
15,18.0,1
15,19.0,0
15,20.0,0
15,21.0,0
15,22.0,1
15,23.0,0
15,24.0,0
15,25.0,0
15,26.0,1
15,27.0,1
15,28.0,1
15,29.0,1
15,30.0,1
15,31.0,1
15,32.0,1
15,33.0,1
15,34.0,0
15,35.0,1
15,36.0,1
15,37.0,1
15,38.0,1
15,39.0,1
15,40.0,1
15,41.0,1
15,42.0,1
15,43.0,1
15,44.0,1
15,45.0,1
15,46.0,0
15,47.0,1
15,48.0,1
15,49.0,1
15,50.0,0
15,51.0,0
15,52.0,1
15,53.0,1
15,54.0,1
15,55.0,1
15,56.0,0
15,57.0,1
15,58.0,0
15,59.0,0
15,60.0,1
15,61.0,1
15,62.0,1
15,63.0,1
15,64.0,1
15,65.0,1
15,66.0,1
15,67.0,1
15,68.0,1
15,69.0,1
15,70.0,1
15,71.0,1
15,72.0,1
15,73.0,0
15,74.0,0
15,75.0,0
15,76.0,1
15,77.0,0
15,78.0,0
15,79.0,0
15,80.0,1
15,81.0,1
15,82.0,1
15,83.0,0
15,84.0,0
15,85.0,1
15,86.0,1
15,87.0,0
15,88.0,1
15,89.0,1
15,90.0,1
15,91.0,1
15,92.0,1
15,93.0,1
15,94.0,1
15,95.0,1
15,96.0,1
15,97.0,1
15,98.0,1
15,99.0,1
15,100.0,1
16,0.0,0
16,1.0,0
16,2.0,0
16,3.0,0
16,4.0,1
16,5.0,0
16,6.0,1
16,7.0,1
16,8.0,1
16,9.0,1
16,10.0,1
16,11.0,1
16,12.0,1
16,13.0,1
16,14.0,0
16,15.0,1
16,16.0,1
16,17.0,0
16,18.0,1
16,19.0,1
16,20.0,1
16,21.0,1
16,22.0,1
16,23.0,1
16,24.0,1
16,25.0,1
16,26.0,1
16,27.0,1
16,28.0,1
16,29.0,1
16,30.0,1
16,31.0,1
16,32.0,1
16,33.0,0
16,34.0,0
16,35.0,1
16,36.0,1
16,37.0,1
16,38.0,1
16,39.0,1
16,40.0,1
16,41.0,0
16,42.0,1
16,43.0,1
16,44.0,0
16,45.0,1
16,46.0,1
16,47.0,1
16,48.0,1
16,49.0,0
16,50.0,1
16,51.0,1
16,52.0,1
16,53.0,1
16,54.0,1
16,55.0,1
16,56.0,0
16,57.0,1
16,58.0,1
16,59.0,1
16,60.0,1
16,61.0,1
16,62.0,1
16,63.0,1
16,64.0,1
16,65.0,1
16,66.0,1
16,67.0,1
16,68.0,1
16,69.0,0
16,70.0,0
16,71.0,1
16,72.0,1
16,73.0,1
16,74.0,1
16,75.0,1
16,76.0,1
16,77.0,1
16,78.0,1
16,79.0,1
16,80.0,1
16,81.0,1
16,82.0,1
16,83.0,1
16,84.0,1
16,85.0,1
16,86.0,1
16,87.0,1
16,88.0,1
16,89.0,1
16,90.0,1
16,91.0,1
16,92.0,1
16,93.0,1
16,94.0,0
16,95.0,0
16,96.0,1
16,97.0,1
16,98.0,1
16,99.0,1
16,100.0,1
17,0.0,0
17,1.0,0
17,2.0,1
17,3.0,1
17,4.0,0
17,5.0,0
17,6.0,1
17,7.0,1
17,8.0,1
17,9.0,1
17,10.0,1
17,11.0,1
17,12.0,1
17,13.0,1
17,14.0,1
17,15.0,1
17,16.0,1
17,17.0,1
17,18.0,1
17,19.0,1
17,20.0,1
17,21.0,1
17,22.0,1
17,23.0,1
17,24.0,1
17,25.0,1
17,26.0,1
17,27.0,1
17,28.0,1
17,29.0,0
17,30.0,1
17,31.0,1
17,32.0,1
17,33.0,1
17,34.0,0
17,35.0,0
17,36.0,1
17,37.0,1
17,38.0,1
17,39.0,1
17,40.0,1
17,41.0,1
17,42.0,0
17,43.0,1
17,44.0,1
17,45.0,1
17,46.0,1
17,47.0,1
17,48.0,1
17,49.0,1
17,50.0,1
17,51.0,1
17,52.0,1
17,53.0,0
17,54.0,0
17,55.0,0
17,56.0,1
17,57.0,1
17,58.0,0
17,59.0,0
17,60.0,1
17,61.0,1
17,62.0,1
17,63.0,1
17,64.0,1
17,65.0,1
17,66.0,1
17,67.0,0
17,68.0,0
17,69.0,1
17,70.0,1
17,71.0,1
17,72.0,1
17,73.0,1
17,74.0,1
17,75.0,0
17,76.0,1
17,77.0,1
17,78.0,1
17,79.0,0
17,80.0,1
17,81.0,1
17,82.0,1
17,83.0,1
17,84.0,1
17,85.0,1
17,86.0,1
17,87.0,0
17,88.0,1
17,89.0,1
17,90.0,0
17,91.0,0
17,92.0,1
17,93.0,1
17,94.0,1
17,95.0,1
17,96.0,1
17,97.0,0
17,98.0,0
17,99.0,1
17,100.0,0
18,0.0,0
18,1.0,0
18,2.0,0
18,3.0,0
18,4.0,1
18,5.0,1
18,6.0,1
18,7.0,1
18,8.0,1
18,9.0,1
18,10.0,1
18,11.0,1
18,12.0,1
18,13.0,1
18,14.0,1
18,15.0,1
18,16.0,1
18,17.0,1
18,18.0,1
18,19.0,0
18,20.0,1
18,21.0,0
18,22.0,1
18,23.0,1
18,24.0,1
18,25.0,1
18,26.0,1
18,27.0,1
18,28.0,1
18,29.0,0
18,30.0,1
18,31.0,1
18,32.0,1
18,33.0,1
18,34.0,0
18,35.0,0
18,36.0,1
18,37.0,1
18,38.0,1
18,39.0,1
18,40.0,1
18,41.0,0
18,42.0,1
18,43.0,0
18,44.0,1
18,45.0,0
18,46.0,0
18,47.0,1
18,48.0,1
18,49.0,1
18,50.0,1
18,51.0,1
18,52.0,1
18,53.0,0
18,54.0,0
18,55.0,0
18,56.0,0
18,57.0,1
18,58.0,1
18,59.0,1
18,60.0,0
18,61.0,0
18,62.0,1
18,63.0,1
18,64.0,1
18,65.0,1
18,66.0,1
18,67.0,1
18,68.0,1
18,69.0,0
18,70.0,0
18,71.0,1
18,72.0,0
18,73.0,1
18,74.0,1
18,75.0,0
18,76.0,1
18,77.0,1
18,78.0,1
18,79.0,1
18,80.0,1
18,81.0,1
18,82.0,1
18,83.0,1
18,84.0,1
18,85.0,1
18,86.0,1
18,87.0,1
18,88.0,0
18,89.0,1
18,90.0,1
18,91.0,1
18,92.0,1
18,93.0,1
18,94.0,1
18,95.0,1
18,96.0,1
18,97.0,1
18,98.0,0
18,99.0,1
18,100.0,1
19,0.0,0
19,1.0,0
19,2.0,0
19,3.0,0
19,4.0,0
19,5.0,0
19,6.0,1
19,7.0,1
19,8.0,0
19,9.0,1
19,10.0,1
19,11.0,1
19,12.0,1
19,13.0,1
19,14.0,1
19,15.0,1
19,16.0,1
19,17.0,0
19,18.0,0
19,19.0,0
19,20.0,0
19,21.0,0
19,22.0,0
19,23.0,0
19,24.0,0
19,25.0,0
19,26.0,0
19,27.0,0
19,28.0,1
19,29.0,1
19,30.0,0
19,31.0,0
19,32.0,0
19,33.0,1
19,34.0,1
19,35.0,1
19,36.0,1
19,37.0,0
19,38.0,0
19,39.0,1
19,40.0,0
19,41.0,0
19,42.0,0
19,43.0,0
19,44.0,0
19,45.0,0
19,46.0,0
19,47.0,0
19,48.0,1
19,49.0,1
19,50.0,1
19,51.0,0
19,52.0,0
19,53.0,0
19,54.0,0
19,55.0,0
19,56.0,0
19,57.0,0
19,58.0,0
19,59.0,0
19,60.0,1
19,61.0,0
19,62.0,0
19,63.0,0
19,64.0,1
19,65.0,1
19,66.0,1
19,67.0,0
19,68.0,0
19,69.0,1
19,70.0,1
19,71.0,1
19,72.0,1
19,73.0,1
19,74.0,1
19,75.0,1
19,76.0,1
19,77.0,1
19,78.0,1
19,79.0,0
19,80.0,0
19,81.0,0
19,82.0,0
19,83.0,0
19,84.0,1
19,85.0,1
19,86.0,1
19,87.0,1
19,88.0,1
19,89.0,0
19,90.0,1
19,91.0,1
19,92.0,1
19,93.0,0
19,94.0,1
19,95.0,1
19,96.0,1
19,97.0,1
19,98.0,1
19,99.0,1
19,100.0,1
20,0.0,0
20,1.0,0
20,2.0,0
20,3.0,1
20,4.0,1
20,5.0,1
20,6.0,1
20,7.0,1
20,8.0,1
20,9.0,1
20,10.0,1
20,11.0,1
20,12.0,1
20,13.0,1
20,14.0,1
20,15.0,0
20,16.0,0
20,17.0,1
20,18.0,1
20,19.0,1
20,20.0,0
20,21.0,1
20,22.0,1
20,23.0,1
20,24.0,1
20,25.0,1
20,26.0,1
20,27.0,1
20,28.0,1
20,29.0,1
20,30.0,1
20,31.0,1
20,32.0,0
20,33.0,0
20,34.0,1
20,35.0,1
20,36.0,1
20,37.0,1
20,38.0,0
20,39.0,0
20,40.0,1
20,41.0,1
20,42.0,1
20,43.0,1
20,44.0,1
20,45.0,1
20,46.0,0
20,47.0,1
20,48.0,1
20,49.0,1
20,50.0,1
20,51.0,1
20,52.0,1
20,53.0,1
20,54.0,1
20,55.0,0
20,56.0,0
20,57.0,1
20,58.0,1
20,59.0,1
20,60.0,1
20,61.0,0
20,62.0,1
20,63.0,1
20,64.0,1
20,65.0,0
20,66.0,1
20,67.0,1
20,68.0,0
20,69.0,1
20,70.0,1
20,71.0,0
20,72.0,0
20,73.0,1
20,74.0,1
20,75.0,1
20,76.0,1
20,77.0,0
20,78.0,1
20,79.0,1
20,80.0,1
20,81.0,1
20,82.0,1
20,83.0,1
20,84.0,1
20,85.0,1
20,86.0,1
20,87.0,1
20,88.0,1
20,89.0,1
20,90.0,1
20,91.0,1
20,92.0,1
20,93.0,1
20,94.0,1
20,95.0,1
20,96.0,1
20,97.0,1
20,98.0,1
20,99.0,1
20,100.0,1
21,0.0,0
21,1.0,0
21,2.0,1
21,3.0,1
21,4.0,1
21,5.0,1
21,6.0,1
21,7.0,0
21,8.0,1
21,9.0,1
21,10.0,0
21,11.0,1
21,12.0,1
21,13.0,1
21,14.0,1
21,15.0,1
21,16.0,1
21,17.0,1
21,18.0,0
21,19.0,0
21,20.0,0
21,21.0,1
21,22.0,1
21,23.0,0
21,24.0,1
21,25.0,1
21,26.0,0
21,27.0,0
21,28.0,0
21,29.0,1
21,30.0,1
21,31.0,1
21,32.0,0
21,33.0,1
21,34.0,1
21,35.0,1
21,36.0,1
21,37.0,1
21,38.0,1
21,39.0,1
21,40.0,1
21,41.0,1
21,42.0,1
21,43.0,1
21,44.0,0
21,45.0,1
21,46.0,1
21,47.0,1
21,48.0,1
21,49.0,1
21,50.0,0
21,51.0,0
21,52.0,1
21,53.0,1
21,54.0,1
21,55.0,0
21,56.0,0
21,57.0,0
21,58.0,0
21,59.0,0
21,60.0,1
21,61.0,0
21,62.0,1
21,63.0,0
21,64.0,0
21,65.0,1
21,66.0,1
21,67.0,1
21,68.0,1
21,69.0,1
21,70.0,1
21,71.0,1
21,72.0,1
21,73.0,1
21,74.0,1
21,75.0,1
21,76.0,1
21,77.0,1
21,78.0,1
21,79.0,1
21,80.0,0
21,81.0,1
21,82.0,1
21,83.0,1
21,84.0,1
21,85.0,1
21,86.0,1
21,87.0,1
21,88.0,0
21,89.0,1
21,90.0,1
21,91.0,1
21,92.0,1
21,93.0,1
21,94.0,1
21,95.0,1
21,96.0,1
21,97.0,1
21,98.0,1
21,99.0,0
21,100.0,1
22,0.0,0
22,1.0,0
22,2.0,0
22,3.0,0
22,4.0,1
22,5.0,1
22,6.0,1
22,7.0,0
22,8.0,1
22,9.0,1
22,10.0,0
22,11.0,1
22,12.0,1
22,13.0,1
22,14.0,1
22,15.0,1
22,16.0,1
22,17.0,1
22,18.0,0
22,19.0,0
22,20.0,1
22,21.0,1
22,22.0,0
22,23.0,1
22,24.0,0
22,25.0,1
22,26.0,1
22,27.0,1
22,28.0,1
22,29.0,1
22,30.0,0
22,31.0,1
22,32.0,1
22,33.0,1
22,34.0,1
22,35.0,1
22,36.0,1
22,37.0,0
22,38.0,0
22,39.0,1
22,40.0,0
22,41.0,1
22,42.0,1
22,43.0,1
22,44.0,1
22,45.0,0
22,46.0,1
22,47.0,0
22,48.0,0
22,49.0,1
22,50.0,1
22,51.0,0
22,52.0,1
22,53.0,0
22,54.0,0
22,55.0,0
22,56.0,1
22,57.0,1
22,58.0,1
22,59.0,1
22,60.0,0
22,61.0,1
22,62.0,1
22,63.0,1
22,64.0,0
22,65.0,0
22,66.0,1
22,67.0,1
22,68.0,0
22,69.0,1
22,70.0,1
22,71.0,0
22,72.0,1
22,73.0,1
22,74.0,1
22,75.0,1
22,76.0,0
22,77.0,0
22,78.0,1
22,79.0,0
22,80.0,0
22,81.0,0
22,82.0,0
22,83.0,0
22,84.0,0
22,85.0,1
22,86.0,1
22,87.0,1
22,88.0,1
22,89.0,1
22,90.0,1
22,91.0,1
22,92.0,1
22,93.0,1
22,94.0,1
22,95.0,1
22,96.0,1
22,97.0,1
22,98.0,1
22,99.0,0
22,100.0,0
23,0.0,0
23,1.0,0
23,2.0,0
23,3.0,0
23,4.0,1
23,5.0,0
23,6.0,1
23,7.0,0
23,8.0,1
23,9.0,1
23,10.0,1
23,11.0,1
23,12.0,1
23,13.0,0
23,14.0,1
23,15.0,0
23,16.0,1
23,17.0,0
23,18.0,1
23,19.0,1
23,20.0,1
23,21.0,1
23,22.0,1
23,23.0,0
23,24.0,1
23,25.0,1
23,26.0,1
23,27.0,1
23,28.0,1
23,29.0,1
23,30.0,1
23,31.0,0
23,32.0,1
23,33.0,0
23,34.0,1
23,35.0,1
23,36.0,1
23,37.0,1
23,38.0,0
23,39.0,1
23,40.0,1
23,41.0,1
23,42.0,1
23,43.0,1
23,44.0,1
23,45.0,1
23,46.0,1
23,47.0,1
23,48.0,1
23,49.0,1
23,50.0,1
23,51.0,0
23,52.0,0
23,53.0,1
23,54.0,1
23,55.0,1
23,56.0,1
23,57.0,1
23,58.0,0
23,59.0,0
23,60.0,0
23,61.0,1
23,62.0,1
23,63.0,1
23,64.0,0
23,65.0,1
23,66.0,1
23,67.0,1
23,68.0,0
23,69.0,1
23,70.0,1
23,71.0,0
23,72.0,0
23,73.0,1
23,74.0,1
23,75.0,1
23,76.0,1
23,77.0,1
23,78.0,1
23,79.0,1
23,80.0,0
23,81.0,1
23,82.0,1
23,83.0,1
23,84.0,1
23,85.0,1
23,86.0,1
23,87.0,1
23,88.0,0
23,89.0,1
23,90.0,0
23,91.0,1
23,92.0,1
23,93.0,1
23,94.0,0
23,95.0,1
23,96.0,1
23,97.0,1
23,98.0,1
23,99.0,0
23,100.0,1
24,0.0,0
24,1.0,0
24,2.0,0
24,3.0,0
24,4.0,0
24,5.0,0
24,6.0,1
24,7.0,1
24,8.0,1
24,9.0,1
24,10.0,1
24,11.0,0
24,12.0,1
24,13.0,1
24,14.0,1
24,15.0,1
24,16.0,1
24,17.0,1
24,18.0,0
24,19.0,0
24,20.0,1
24,21.0,1
24,22.0,1
24,23.0,1
24,24.0,0
24,25.0,0
24,26.0,0
24,27.0,1
24,28.0,1
24,29.0,0
24,30.0,1
24,31.0,1
24,32.0,1
24,33.0,1
24,34.0,0
24,35.0,0
24,36.0,1
24,37.0,1
24,38.0,0
24,39.0,0
24,40.0,1
24,41.0,1
24,42.0,1
24,43.0,1
24,44.0,0
24,45.0,1
24,46.0,1
24,47.0,1
24,48.0,1
24,49.0,1
24,50.0,0
24,51.0,0
24,52.0,0
24,53.0,1
24,54.0,0
24,55.0,1
24,56.0,0
24,57.0,0
24,58.0,0
24,59.0,1
24,60.0,1
24,61.0,0
24,62.0,1
24,63.0,1
24,64.0,1
24,65.0,1
24,66.0,0
24,67.0,1
24,68.0,0
24,69.0,1
24,70.0,1
24,71.0,1
24,72.0,1
24,73.0,1
24,74.0,1
24,75.0,1
24,76.0,1
24,77.0,1
24,78.0,1
24,79.0,1
24,80.0,1
24,81.0,0
24,82.0,0
24,83.0,1
24,84.0,1
24,85.0,1
24,86.0,1
24,87.0,1
24,88.0,0
24,89.0,1
24,90.0,0
24,91.0,0
24,92.0,0
24,93.0,1
24,94.0,0
24,95.0,0
24,96.0,0
24,97.0,0
24,98.0,0
24,99.0,1
24,100.0,0
25,0.0,0
25,1.0,0
25,2.0,0
25,3.0,1
25,4.0,0
25,5.0,0
25,6.0,1
25,7.0,0
25,8.0,0
25,9.0,1
25,10.0,1
25,11.0,1
25,12.0,1
25,13.0,0
25,14.0,1
25,15.0,1
25,16.0,0
25,17.0,0
25,18.0,0
25,19.0,0
25,20.0,1
25,21.0,1
25,22.0,1
25,23.0,1
25,24.0,1
25,25.0,1
25,26.0,1
25,27.0,1
25,28.0,1
25,29.0,1
25,30.0,1
25,31.0,1
25,32.0,0
25,33.0,0
25,34.0,0
25,35.0,1
25,36.0,1
25,37.0,1
25,38.0,1
25,39.0,1
25,40.0,1
25,41.0,1
25,42.0,0
25,43.0,1
25,44.0,1
25,45.0,1
25,46.0,1
25,47.0,1
25,48.0,1
25,49.0,1
25,50.0,0
25,51.0,0
25,52.0,1
25,53.0,1
25,54.0,1
25,55.0,1
25,56.0,1
25,57.0,0
25,58.0,1
25,59.0,1
25,60.0,1
25,61.0,0
25,62.0,0
25,63.0,1
25,64.0,0
25,65.0,0
25,66.0,1
25,67.0,1
25,68.0,1
25,69.0,1
25,70.0,1
25,71.0,1
25,72.0,1
25,73.0,1
25,74.0,1
25,75.0,1
25,76.0,1
25,77.0,1
25,78.0,1
25,79.0,1
25,80.0,1
25,81.0,1
25,82.0,1
25,83.0,1
25,84.0,1
25,85.0,1
25,86.0,0
25,87.0,0
25,88.0,1
25,89.0,1
25,90.0,1
25,91.0,1
25,92.0,0
25,93.0,1
25,94.0,1
25,95.0,1
25,96.0,1
25,97.0,1
25,98.0,1
25,99.0,1
25,100.0,1
26,0.0,0
26,1.0,0
26,2.0,0
26,3.0,0
26,4.0,0
26,5.0,0
26,6.0,1
26,7.0,1
26,8.0,1
26,9.0,0
26,10.0,0
26,11.0,1
26,12.0,0
26,13.0,1
26,14.0,1
26,15.0,1
26,16.0,1
26,17.0,1
26,18.0,1
26,19.0,0
26,20.0,1
26,21.0,1
26,22.0,1
26,23.0,0
26,24.0,1
26,25.0,1
26,26.0,1
26,27.0,1
26,28.0,1
26,29.0,1
26,30.0,1
26,31.0,1
26,32.0,1
26,33.0,1
26,34.0,0
26,35.0,1
26,36.0,1
26,37.0,0
26,38.0,1
26,39.0,1
26,40.0,1
26,41.0,1
26,42.0,1
26,43.0,0
26,44.0,1
26,45.0,1
26,46.0,1
26,47.0,1
26,48.0,0
26,49.0,1
26,50.0,1
26,51.0,1
26,52.0,1
26,53.0,1
26,54.0,1
26,55.0,1
26,56.0,0
26,57.0,1
26,58.0,1
26,59.0,1
26,60.0,1
26,61.0,1
26,62.0,0
26,63.0,1
26,64.0,1
26,65.0,1
26,66.0,1
26,67.0,0
26,68.0,0
26,69.0,0
26,70.0,0
26,71.0,0
26,72.0,0
26,73.0,1
26,74.0,1
26,75.0,1
26,76.0,1
26,77.0,0
26,78.0,0
26,79.0,0
26,80.0,1
26,81.0,1
26,82.0,0
26,83.0,1
26,84.0,0
26,85.0,0
26,86.0,1
26,87.0,1
26,88.0,0
26,89.0,0
26,90.0,1
26,91.0,1
26,92.0,1
26,93.0,1
26,94.0,1
26,95.0,1
26,96.0,0
26,97.0,1
26,98.0,1
26,99.0,1
26,100.0,0
27,0.0,0
27,1.0,0
27,2.0,0
27,3.0,0
27,4.0,0
27,5.0,0
27,6.0,1
27,7.0,1
27,8.0,1
27,9.0,1
27,10.0,1
27,11.0,1
27,12.0,0
27,13.0,1
27,14.0,1
27,15.0,0
27,16.0,0
27,17.0,1
27,18.0,1
27,19.0,1
27,20.0,0
27,21.0,1
27,22.0,1
27,23.0,1
27,24.0,1
27,25.0,1
27,26.0,1
27,27.0,0
27,28.0,1
27,29.0,0
27,30.0,1
27,31.0,0
27,32.0,1
27,33.0,1
27,34.0,1
27,35.0,0
27,36.0,1
27,37.0,1
27,38.0,1
27,39.0,1
27,40.0,1
27,41.0,1
27,42.0,1
27,43.0,1
27,44.0,1
27,45.0,1
27,46.0,1
27,47.0,0
27,48.0,0
27,49.0,0
27,50.0,0
27,51.0,1
27,52.0,1
27,53.0,1
27,54.0,1
27,55.0,1
27,56.0,1
27,57.0,1
27,58.0,1
27,59.0,1
27,60.0,0
27,61.0,0
27,62.0,1
27,63.0,0
27,64.0,1
27,65.0,1
27,66.0,1
27,67.0,1
27,68.0,0
27,69.0,1
27,70.0,1
27,71.0,1
27,72.0,1
27,73.0,1
27,74.0,0
27,75.0,0
27,76.0,0
27,77.0,1
27,78.0,1
27,79.0,1
27,80.0,1
27,81.0,1
27,82.0,1
27,83.0,1
27,84.0,1
27,85.0,0
27,86.0,0
27,87.0,1
27,88.0,1
27,89.0,1
27,90.0,1
27,91.0,1
27,92.0,1
27,93.0,1
27,94.0,1
27,95.0,1
27,96.0,1
27,97.0,1
27,98.0,1
27,99.0,1
27,100.0,1
28,0.0,0
28,1.0,0
28,2.0,0
28,3.0,0
28,4.0,1
28,5.0,1
28,6.0,0
28,7.0,1
28,8.0,0
28,9.0,0
28,10.0,1
28,11.0,1
28,12.0,0
28,13.0,1
28,14.0,0
28,15.0,1
28,16.0,1
28,17.0,1
28,18.0,1
28,19.0,1
28,20.0,1
28,21.0,1
28,22.0,1
28,23.0,1
28,24.0,1
28,25.0,0
28,26.0,0
28,27.0,1
28,28.0,1
28,29.0,0
28,30.0,1
28,31.0,0
28,32.0,1
28,33.0,0
28,34.0,1
28,35.0,1
28,36.0,1
28,37.0,1
28,38.0,1
28,39.0,0
28,40.0,1
28,41.0,0
28,42.0,1
28,43.0,1
28,44.0,1
28,45.0,1
28,46.0,1
28,47.0,1
28,48.0,0
28,49.0,1
28,50.0,1
28,51.0,1
28,52.0,1
28,53.0,1
28,54.0,0
28,55.0,0
28,56.0,1
28,57.0,0
28,58.0,1
28,59.0,1
28,60.0,1
28,61.0,1
28,62.0,0
28,63.0,0
28,64.0,0
28,65.0,0
28,66.0,1
28,67.0,1
28,68.0,1
28,69.0,1
28,70.0,0
28,71.0,1
28,72.0,1
28,73.0,0
28,74.0,1
28,75.0,1
28,76.0,1
28,77.0,1
28,78.0,1
28,79.0,1
28,80.0,0
28,81.0,1
28,82.0,1
28,83.0,1
28,84.0,1
28,85.0,1
28,86.0,0
28,87.0,0
28,88.0,1
28,89.0,1
28,90.0,1
28,91.0,1
28,92.0,1
28,93.0,1
28,94.0,1
28,95.0,1
28,96.0,1
28,97.0,0
28,98.0,1
28,99.0,1
28,100.0,1
29,0.0,0
29,1.0,0
29,2.0,0
29,3.0,0
29,4.0,1
29,5.0,1
29,6.0,1
29,7.0,0
29,8.0,1
29,9.0,1
29,10.0,1
29,11.0,1
29,12.0,1
29,13.0,1
29,14.0,0
29,15.0,1
29,16.0,0
29,17.0,1
29,18.0,1
29,19.0,1
29,20.0,1
29,21.0,0
29,22.0,1
29,23.0,0
29,24.0,1
29,25.0,1
29,26.0,1
29,27.0,1
29,28.0,1
29,29.0,1
29,30.0,1
29,31.0,1
29,32.0,1
29,33.0,1
29,34.0,1
29,35.0,1
29,36.0,1
29,37.0,1
29,38.0,0
29,39.0,1
29,40.0,0
29,41.0,1
29,42.0,1
29,43.0,1
29,44.0,0
29,45.0,0
29,46.0,1
29,47.0,1
29,48.0,1
29,49.0,1
29,50.0,0
29,51.0,0
29,52.0,1
29,53.0,1
29,54.0,1
29,55.0,0
29,56.0,0
29,57.0,0
29,58.0,1
29,59.0,1
29,60.0,1
29,61.0,1
29,62.0,0
29,63.0,1
29,64.0,1
29,65.0,1
29,66.0,1
29,67.0,1
29,68.0,0
29,69.0,1
29,70.0,1
29,71.0,1
29,72.0,1
29,73.0,1
29,74.0,1
29,75.0,1
29,76.0,0
29,77.0,1
29,78.0,0
29,79.0,1
29,80.0,1
29,81.0,1
29,82.0,1
29,83.0,1
29,84.0,1
29,85.0,1
29,86.0,0
29,87.0,1
29,88.0,1
29,89.0,1
29,90.0,1
29,91.0,1
29,92.0,1
29,93.0,1
29,94.0,1
29,95.0,0
29,96.0,1
29,97.0,1
29,98.0,1
29,99.0,1
29,100.0,1
30,0.0,0
30,1.0,0
30,2.0,0
30,3.0,0
30,4.0,0
30,5.0,1
30,6.0,1
30,7.0,1
30,8.0,1
30,9.0,1
30,10.0,1
30,11.0,1
30,12.0,1
30,13.0,1
30,14.0,1
30,15.0,1
30,16.0,1
30,17.0,0
30,18.0,1
30,19.0,1
30,20.0,1
30,21.0,1
30,22.0,1
30,23.0,1
30,24.0,1
30,25.0,1
30,26.0,1
30,27.0,0
30,28.0,1
30,29.0,1
30,30.0,1
30,31.0,1
30,32.0,1
30,33.0,0
30,34.0,1
30,35.0,1
30,36.0,1
30,37.0,1
30,38.0,1
30,39.0,1
30,40.0,0
30,41.0,1
30,42.0,1
30,43.0,1
30,44.0,1
30,45.0,1
30,46.0,1
30,47.0,1
30,48.0,1
30,49.0,1
30,50.0,1
30,51.0,0
30,52.0,1
30,53.0,1
30,54.0,1
30,55.0,1
30,56.0,1
30,57.0,0
30,58.0,0
30,59.0,1
30,60.0,1
30,61.0,0
30,62.0,0
30,63.0,0
30,64.0,1
30,65.0,1
30,66.0,1
30,67.0,1
30,68.0,0
30,69.0,1
30,70.0,1
30,71.0,1
30,72.0,1
30,73.0,1
30,74.0,1
30,75.0,1
30,76.0,1
30,77.0,1
30,78.0,1
30,79.0,1
30,80.0,1
30,81.0,1
30,82.0,1
30,83.0,1
30,84.0,1
30,85.0,1
30,86.0,1
30,87.0,1
30,88.0,1
30,89.0,1
30,90.0,1
30,91.0,1
30,92.0,1
30,93.0,1
30,94.0,1
30,95.0,1
30,96.0,1
30,97.0,0
30,98.0,0
30,99.0,1
30,100.0,1
31,0.0,0
31,1.0,0
31,2.0,0
31,3.0,1
31,4.0,1
31,5.0,1
31,6.0,1
31,7.0,0
31,8.0,1
31,9.0,1
31,10.0,1
31,11.0,1
31,12.0,1
31,13.0,1
31,14.0,0
31,15.0,1
31,16.0,1
31,17.0,1
31,18.0,0
31,19.0,0
31,20.0,1
31,21.0,1
31,22.0,1
31,23.0,1
31,24.0,0
31,25.0,0
31,26.0,1
31,27.0,1
31,28.0,1
31,29.0,1
31,30.0,1
31,31.0,1
31,32.0,1
31,33.0,1
31,34.0,1
31,35.0,1
31,36.0,1
31,37.0,1
31,38.0,1
31,39.0,1
31,40.0,1
31,41.0,1
31,42.0,1
31,43.0,1
31,44.0,1
31,45.0,1
31,46.0,1
31,47.0,0
31,48.0,0
31,49.0,0
31,50.0,0
31,51.0,1
31,52.0,1
31,53.0,1
31,54.0,1
31,55.0,1
31,56.0,1
31,57.0,1
31,58.0,1
31,59.0,1
31,60.0,1
31,61.0,1
31,62.0,1
31,63.0,1
31,64.0,0
31,65.0,0
31,66.0,0
31,67.0,1
31,68.0,1
31,69.0,0
31,70.0,1
31,71.0,0
31,72.0,1
31,73.0,0
31,74.0,1
31,75.0,1
31,76.0,0
31,77.0,1
31,78.0,0
31,79.0,1
31,80.0,1
31,81.0,1
31,82.0,1
31,83.0,1
31,84.0,0
31,85.0,0
31,86.0,1
31,87.0,1
31,88.0,1
31,89.0,1
31,90.0,1
31,91.0,0
31,92.0,0
31,93.0,0
31,94.0,0
31,95.0,1
31,96.0,1
31,97.0,1
31,98.0,1
31,99.0,0
31,100.0,1
32,0.0,0
32,1.0,0
32,2.0,0
32,3.0,0
32,4.0,0
32,5.0,1
32,6.0,1
32,7.0,1
32,8.0,1
32,9.0,1
32,10.0,1
32,11.0,1
32,12.0,0
32,13.0,1
32,14.0,1
32,15.0,1
32,16.0,1
32,17.0,1
32,18.0,0
32,19.0,1
32,20.0,0
32,21.0,1
32,22.0,1
32,23.0,1
32,24.0,1
32,25.0,1
32,26.0,1
32,27.0,1
32,28.0,0
32,29.0,1
32,30.0,1
32,31.0,1
32,32.0,1
32,33.0,0
32,34.0,1
32,35.0,1
32,36.0,1
32,37.0,1
32,38.0,0
32,39.0,1
32,40.0,1
32,41.0,1
32,42.0,1
32,43.0,1
32,44.0,0
32,45.0,1
32,46.0,0
32,47.0,1
32,48.0,1
32,49.0,1
32,50.0,1
32,51.0,1
32,52.0,0
32,53.0,0
32,54.0,1
32,55.0,1
32,56.0,1
32,57.0,1
32,58.0,1
32,59.0,1
32,60.0,1
32,61.0,1
32,62.0,1
32,63.0,1
32,64.0,1
32,65.0,1
32,66.0,0
32,67.0,0
32,68.0,0
32,69.0,0
32,70.0,1
32,71.0,0
32,72.0,1
32,73.0,1
32,74.0,1
32,75.0,1
32,76.0,1
32,77.0,1
32,78.0,1
32,79.0,1
32,80.0,1
32,81.0,1
32,82.0,0
32,83.0,0
32,84.0,0
32,85.0,0
32,86.0,0
32,87.0,1
32,88.0,0
32,89.0,0
32,90.0,1
32,91.0,1
32,92.0,1
32,93.0,1
32,94.0,1
32,95.0,1
32,96.0,1
32,97.0,1
32,98.0,1
32,99.0,1
32,100.0,1
33,0.0,0
33,1.0,0
33,2.0,0
33,3.0,0
33,4.0,0
33,5.0,1
33,6.0,1
33,7.0,1
33,8.0,1
33,9.0,0
33,10.0,1
33,11.0,1
33,12.0,1
33,13.0,1
33,14.0,1
33,15.0,1
33,16.0,1
33,17.0,1
33,18.0,1
33,19.0,1
33,20.0,1
33,21.0,1
33,22.0,0
33,23.0,1
33,24.0,1
33,25.0,1
33,26.0,1
33,27.0,1
33,28.0,0
33,29.0,1
33,30.0,0
33,31.0,0
33,32.0,1
33,33.0,1
33,34.0,1
33,35.0,1
33,36.0,0
33,37.0,1
33,38.0,1
33,39.0,1
33,40.0,1
33,41.0,1
33,42.0,1
33,43.0,1
33,44.0,1
33,45.0,1
33,46.0,1
33,47.0,1
33,48.0,1
33,49.0,1
33,50.0,1
33,51.0,1
33,52.0,0
33,53.0,1
33,54.0,1
33,55.0,1
33,56.0,0
33,57.0,1
33,58.0,1
33,59.0,1
33,60.0,0
33,61.0,1
33,62.0,1
33,63.0,1
33,64.0,1
33,65.0,0
33,66.0,1
33,67.0,1
33,68.0,1
33,69.0,1
33,70.0,1
33,71.0,1
33,72.0,0
33,73.0,1
33,74.0,1
33,75.0,0
33,76.0,1
33,77.0,1
33,78.0,1
33,79.0,1
33,80.0,1
33,81.0,1
33,82.0,1
33,83.0,1
33,84.0,1
33,85.0,1
33,86.0,1
33,87.0,1
33,88.0,1
33,89.0,1
33,90.0,1
33,91.0,1
33,92.0,0
33,93.0,1
33,94.0,1
33,95.0,1
33,96.0,1
33,97.0,1
33,98.0,0
33,99.0,1
33,100.0,0
34,0.0,0
34,1.0,0
34,2.0,0
34,3.0,0
34,4.0,0
34,5.0,0
34,6.0,1
34,7.0,1
34,8.0,1
34,9.0,1
34,10.0,1
34,11.0,1
34,12.0,1
34,13.0,0
34,14.0,0
34,15.0,1
34,16.0,1
34,17.0,1
34,18.0,1
34,19.0,1
34,20.0,0
34,21.0,0
34,22.0,1
34,23.0,1
34,24.0,1
34,25.0,1
34,26.0,0
34,27.0,0
34,28.0,0
34,29.0,1
34,30.0,1
34,31.0,1
34,32.0,1
34,33.0,1
34,34.0,0
34,35.0,1
34,36.0,1
34,37.0,0
34,38.0,1
34,39.0,1
34,40.0,0
34,41.0,1
34,42.0,1
34,43.0,1
34,44.0,0
34,45.0,1
34,46.0,1
34,47.0,1
34,48.0,1
34,49.0,1
34,50.0,1
34,51.0,1
34,52.0,1
34,53.0,1
34,54.0,1
34,55.0,1
34,56.0,1
34,57.0,1
34,58.0,1
34,59.0,1
34,60.0,1
34,61.0,1
34,62.0,0
34,63.0,1
34,64.0,1
34,65.0,1
34,66.0,0
34,67.0,0
34,68.0,1
34,69.0,1
34,70.0,1
34,71.0,1
34,72.0,1
34,73.0,1
34,74.0,1
34,75.0,0
34,76.0,0
34,77.0,1
34,78.0,1
34,79.0,0
34,80.0,1
34,81.0,1
34,82.0,0
34,83.0,1
34,84.0,1
34,85.0,0
34,86.0,1
34,87.0,1
34,88.0,1
34,89.0,1
34,90.0,1
34,91.0,1
34,92.0,1
34,93.0,1
34,94.0,0
34,95.0,0
34,96.0,0
34,97.0,1
34,98.0,1
34,99.0,1
34,100.0,1
35,0.0,0
35,1.0,0
35,2.0,0
35,3.0,0
35,4.0,1
35,5.0,1
35,6.0,0
35,7.0,0
35,8.0,0
35,9.0,0
35,10.0,1
35,11.0,0
35,12.0,0
35,13.0,1
35,14.0,1
35,15.0,0
35,16.0,1
35,17.0,1
35,18.0,0
35,19.0,0
35,20.0,0
35,21.0,1
35,22.0,1
35,23.0,1
35,24.0,0
35,25.0,0
35,26.0,0
35,27.0,1
35,28.0,0
35,29.0,1
35,30.0,1
35,31.0,1
35,32.0,1
35,33.0,0
35,34.0,0
35,35.0,0
35,36.0,0
35,37.0,0
35,38.0,0
35,39.0,0
35,40.0,1
35,41.0,1
35,42.0,1
35,43.0,1
35,44.0,1
35,45.0,1
35,46.0,1
35,47.0,1
35,48.0,1
35,49.0,1
35,50.0,1
35,51.0,1
35,52.0,1
35,53.0,0
35,54.0,0
35,55.0,0
35,56.0,1
35,57.0,0
35,58.0,1
35,59.0,1
35,60.0,0
35,61.0,0
35,62.0,1
35,63.0,1
35,64.0,1
35,65.0,1
35,66.0,1
35,67.0,1
35,68.0,1
35,69.0,1
35,70.0,1
35,71.0,0
35,72.0,0
35,73.0,1
35,74.0,1
35,75.0,1
35,76.0,1
35,77.0,1
35,78.0,0
35,79.0,1
35,80.0,1
35,81.0,1
35,82.0,1
35,83.0,1
35,84.0,0
35,85.0,0
35,86.0,1
35,87.0,1
35,88.0,0
35,89.0,0
35,90.0,0
35,91.0,0
35,92.0,0
35,93.0,1
35,94.0,1
35,95.0,1
35,96.0,0
35,97.0,1
35,98.0,1
35,99.0,1
35,100.0,1
36,0.0,0
36,1.0,0
36,2.0,0
36,3.0,1
36,4.0,1
36,5.0,0
36,6.0,1
36,7.0,1
36,8.0,0
36,9.0,0
36,10.0,1
36,11.0,0
36,12.0,0
36,13.0,1
36,14.0,0
36,15.0,0
36,16.0,1
36,17.0,1
36,18.0,1
36,19.0,1
36,20.0,1
36,21.0,1
36,22.0,1
36,23.0,0
36,24.0,1
36,25.0,0
36,26.0,1
36,27.0,1
36,28.0,1
36,29.0,1
36,30.0,1
36,31.0,1
36,32.0,1
36,33.0,1
36,34.0,1
36,35.0,1
36,36.0,1
36,37.0,1
36,38.0,0
36,39.0,0
36,40.0,1
36,41.0,0
36,42.0,0
36,43.0,0
36,44.0,1
36,45.0,1
36,46.0,1
36,47.0,0
36,48.0,1
36,49.0,1
36,50.0,1
36,51.0,1
36,52.0,0
36,53.0,0
36,54.0,1
36,55.0,1
36,56.0,1
36,57.0,1
36,58.0,1
36,59.0,1
36,60.0,0
36,61.0,1
36,62.0,1
36,63.0,1
36,64.0,1
36,65.0,1
36,66.0,1
36,67.0,1
36,68.0,0
36,69.0,1
36,70.0,0
36,71.0,1
36,72.0,1
36,73.0,1
36,74.0,0
36,75.0,1
36,76.0,0
36,77.0,1
36,78.0,1
36,79.0,0
36,80.0,1
36,81.0,1
36,82.0,0
36,83.0,1
36,84.0,1
36,85.0,1
36,86.0,1
36,87.0,1
36,88.0,1
36,89.0,0
36,90.0,1
36,91.0,0
36,92.0,1
36,93.0,0
36,94.0,1
36,95.0,1
36,96.0,1
36,97.0,1
36,98.0,1
36,99.0,1
36,100.0,0
37,0.0,0
37,1.0,0
37,2.0,0
37,3.0,0
37,4.0,0
37,5.0,1
37,6.0,1
37,7.0,0
37,8.0,0
37,9.0,1
37,10.0,1
37,11.0,1
37,12.0,1
37,13.0,1
37,14.0,1
37,15.0,1
37,16.0,1
37,17.0,1
37,18.0,0
37,19.0,0
37,20.0,0
37,21.0,0
37,22.0,1
37,23.0,1
37,24.0,1
37,25.0,1
37,26.0,0
37,27.0,1
37,28.0,0
37,29.0,1
37,30.0,1
37,31.0,1
37,32.0,1
37,33.0,1
37,34.0,0
37,35.0,1
37,36.0,1
37,37.0,1
37,38.0,1
37,39.0,1
37,40.0,0
37,41.0,1
37,42.0,1
37,43.0,1
37,44.0,1
37,45.0,0
37,46.0,0
37,47.0,0
37,48.0,1
37,49.0,1
37,50.0,1
37,51.0,1
37,52.0,1
37,53.0,1
37,54.0,1
37,55.0,1
37,56.0,1
37,57.0,1
37,58.0,1
37,59.0,1
37,60.0,1
37,61.0,0
37,62.0,0
37,63.0,0
37,64.0,1
37,65.0,1
37,66.0,1
37,67.0,0
37,68.0,1
37,69.0,1
37,70.0,1
37,71.0,0
37,72.0,1
37,73.0,1
37,74.0,1
37,75.0,1
37,76.0,1
37,77.0,1
37,78.0,1
37,79.0,1
37,80.0,0
37,81.0,1
37,82.0,1
37,83.0,0
37,84.0,0
37,85.0,0
37,86.0,1
37,87.0,1
37,88.0,1
37,89.0,1
37,90.0,1
37,91.0,1
37,92.0,1
37,93.0,1
37,94.0,0
37,95.0,0
37,96.0,0
37,97.0,0
37,98.0,1
37,99.0,1
37,100.0,1
38,0.0,0
38,1.0,0
38,2.0,0
38,3.0,0
38,4.0,0
38,5.0,1
38,6.0,1
38,7.0,1
38,8.0,1
38,9.0,1
38,10.0,0
38,11.0,0
38,12.0,0
38,13.0,0
38,14.0,1
38,15.0,1
38,16.0,1
38,17.0,1
38,18.0,1
38,19.0,1
38,20.0,1
38,21.0,0
38,22.0,1
38,23.0,1
38,24.0,0
38,25.0,1
38,26.0,1
38,27.0,0
38,28.0,0
38,29.0,0
38,30.0,0
38,31.0,1
38,32.0,1
38,33.0,1
38,34.0,1
38,35.0,1
38,36.0,1
38,37.0,1
38,38.0,1
38,39.0,1
38,40.0,1
38,41.0,0
38,42.0,1
38,43.0,1
38,44.0,1
38,45.0,1
38,46.0,1
38,47.0,0
38,48.0,1
38,49.0,1
38,50.0,1
38,51.0,1
38,52.0,1
38,53.0,0
38,54.0,0
38,55.0,0
38,56.0,0
38,57.0,1
38,58.0,1
38,59.0,1
38,60.0,1
38,61.0,1
38,62.0,1
38,63.0,1
38,64.0,1
38,65.0,0
38,66.0,0
38,67.0,1
38,68.0,1
38,69.0,1
38,70.0,1
38,71.0,1
38,72.0,1
38,73.0,0
38,74.0,0
38,75.0,0
38,76.0,0
38,77.0,1
38,78.0,1
38,79.0,1
38,80.0,1
38,81.0,1
38,82.0,1
38,83.0,1
38,84.0,1
38,85.0,1
38,86.0,1
38,87.0,1
38,88.0,0
38,89.0,0
38,90.0,0
38,91.0,1
38,92.0,1
38,93.0,1
38,94.0,0
38,95.0,1
38,96.0,1
38,97.0,1
38,98.0,0
38,99.0,0
38,100.0,0
39,0.0,0
39,1.0,0
39,2.0,0
39,3.0,0
39,4.0,1
39,5.0,0
39,6.0,1
39,7.0,1
39,8.0,1
39,9.0,1
39,10.0,1
39,11.0,0
39,12.0,1
39,13.0,1
39,14.0,1
39,15.0,1
39,16.0,1
39,17.0,1
39,18.0,1
39,19.0,1
39,20.0,1
39,21.0,0
39,22.0,1
39,23.0,1
39,24.0,1
39,25.0,1
39,26.0,1
39,27.0,1
39,28.0,1
39,29.0,1
39,30.0,1
39,31.0,1
39,32.0,1
39,33.0,1
39,34.0,1
39,35.0,1
39,36.0,0
39,37.0,1
39,38.0,1
39,39.0,0
39,40.0,0
39,41.0,1
39,42.0,1
39,43.0,1
39,44.0,1
39,45.0,1
39,46.0,1
39,47.0,1
39,48.0,1
39,49.0,1
39,50.0,1
39,51.0,1
39,52.0,1
39,53.0,0
39,54.0,0
39,55.0,0
39,56.0,0
39,57.0,0
39,58.0,0
39,59.0,0
39,60.0,1
39,61.0,1
39,62.0,1
39,63.0,1
39,64.0,1
39,65.0,1
39,66.0,1
39,67.0,1
39,68.0,0
39,69.0,1
39,70.0,0
39,71.0,1
39,72.0,1
39,73.0,1
39,74.0,1
39,75.0,1
39,76.0,0
39,77.0,1
39,78.0,1
39,79.0,1
39,80.0,1
39,81.0,1
39,82.0,1
39,83.0,1
39,84.0,1
39,85.0,1
39,86.0,1
39,87.0,1
39,88.0,0
39,89.0,1
39,90.0,1
39,91.0,0
39,92.0,1
39,93.0,1
39,94.0,1
39,95.0,1
39,96.0,0
39,97.0,1
39,98.0,1
39,99.0,1
39,100.0,0
40,0.0,0
40,1.0,0
40,2.0,0
40,3.0,1
40,4.0,1
40,5.0,1
40,6.0,1
40,7.0,1
40,8.0,0
40,9.0,1
40,10.0,1
40,11.0,1
40,12.0,1
40,13.0,0
40,14.0,0
40,15.0,1
40,16.0,1
40,17.0,1
40,18.0,1
40,19.0,1
40,20.0,1
40,21.0,1
40,22.0,0
40,23.0,0
40,24.0,1
40,25.0,1
40,26.0,1
40,27.0,1
40,28.0,1
40,29.0,1
40,30.0,1
40,31.0,1
40,32.0,0
40,33.0,1
40,34.0,1
40,35.0,1
40,36.0,1
40,37.0,1
40,38.0,1
40,39.0,0
40,40.0,0
40,41.0,1
40,42.0,1
40,43.0,1
40,44.0,1
40,45.0,1
40,46.0,0
40,47.0,1
40,48.0,0
40,49.0,1
40,50.0,1
40,51.0,0
40,52.0,0
40,53.0,0
40,54.0,0
40,55.0,1
40,56.0,0
40,57.0,0
40,58.0,0
40,59.0,0
40,60.0,1
40,61.0,1
40,62.0,1
40,63.0,0
40,64.0,1
40,65.0,1
40,66.0,0
40,67.0,1
40,68.0,1
40,69.0,1
40,70.0,1
40,71.0,1
40,72.0,1
40,73.0,1
40,74.0,1
40,75.0,1
40,76.0,1
40,77.0,1
40,78.0,1
40,79.0,0
40,80.0,0
40,81.0,1
40,82.0,1
40,83.0,0
40,84.0,1
40,85.0,1
40,86.0,1
40,87.0,1
40,88.0,1
40,89.0,1
40,90.0,1
40,91.0,1
40,92.0,1
40,93.0,1
40,94.0,0
40,95.0,0
40,96.0,0
40,97.0,1
40,98.0,1
40,99.0,1
40,100.0,1
41,0.0,0
41,1.0,1
41,2.0,1
41,3.0,1
41,4.0,1
41,5.0,0
41,6.0,0
41,7.0,1
41,8.0,0
41,9.0,1
41,10.0,1
41,11.0,1
41,12.0,0
41,13.0,1
41,14.0,1
41,15.0,0
41,16.0,0
41,17.0,1
41,18.0,1
41,19.0,1
41,20.0,0
41,21.0,0
41,22.0,1
41,23.0,1
41,24.0,0
41,25.0,1
41,26.0,1
41,27.0,1
41,28.0,0
41,29.0,1
41,30.0,1
41,31.0,0
41,32.0,1
41,33.0,0
41,34.0,0
41,35.0,1
41,36.0,1
41,37.0,1
41,38.0,1
41,39.0,1
41,40.0,0
41,41.0,1
41,42.0,1
41,43.0,1
41,44.0,1
41,45.0,1
41,46.0,1
41,47.0,0
41,48.0,1
41,49.0,1
41,50.0,1
41,51.0,0
41,52.0,1
41,53.0,1
41,54.0,0
41,55.0,0
41,56.0,1
41,57.0,0
41,58.0,1
41,59.0,1
41,60.0,0
41,61.0,0
41,62.0,0
41,63.0,1
41,64.0,0
41,65.0,1
41,66.0,1
41,67.0,1
41,68.0,0
41,69.0,0
41,70.0,1
41,71.0,1
41,72.0,1
41,73.0,1
41,74.0,1
41,75.0,0
41,76.0,0
41,77.0,1
41,78.0,1
41,79.0,1
41,80.0,1
41,81.0,1
41,82.0,1
41,83.0,1
41,84.0,1
41,85.0,1
41,86.0,1
41,87.0,1
41,88.0,1
41,89.0,1
41,90.0,1
41,91.0,0
41,92.0,1
41,93.0,0
41,94.0,1
41,95.0,0
41,96.0,0
41,97.0,1
41,98.0,0
41,99.0,1
41,100.0,0
42,0.0,0
42,1.0,0
42,2.0,1
42,3.0,0
42,4.0,0
42,5.0,0
42,6.0,0
42,7.0,0
42,8.0,1
42,9.0,1
42,10.0,1
42,11.0,1
42,12.0,0
42,13.0,0
42,14.0,0
42,15.0,1
42,16.0,1
42,17.0,1
42,18.0,1
42,19.0,1
42,20.0,0
42,21.0,0
42,22.0,0
42,23.0,0
42,24.0,1
42,25.0,1
42,26.0,1
42,27.0,1
42,28.0,1
42,29.0,1
42,30.0,1
42,31.0,1
42,32.0,1
42,33.0,1
42,34.0,1
42,35.0,1
42,36.0,1
42,37.0,0
42,38.0,0
42,39.0,0
42,40.0,1
42,41.0,0
42,42.0,1
42,43.0,1
42,44.0,1
42,45.0,1
42,46.0,1
42,47.0,0
42,48.0,0
42,49.0,1
42,50.0,1
42,51.0,0
42,52.0,0
42,53.0,1
42,54.0,0
42,55.0,1
42,56.0,1
42,57.0,1
42,58.0,1
42,59.0,1
42,60.0,1
42,61.0,1
42,62.0,1
42,63.0,1
42,64.0,1
42,65.0,1
42,66.0,1
42,67.0,1
42,68.0,1
42,69.0,1
42,70.0,1
42,71.0,1
42,72.0,1
42,73.0,0
42,74.0,1
42,75.0,1
42,76.0,1
42,77.0,1
42,78.0,1
42,79.0,1
42,80.0,1
42,81.0,1
42,82.0,0
42,83.0,0
42,84.0,1
42,85.0,1
42,86.0,0
42,87.0,0
42,88.0,1
42,89.0,1
42,90.0,1
42,91.0,1
42,92.0,0
42,93.0,1
42,94.0,0
42,95.0,1
42,96.0,1
42,97.0,1
42,98.0,0
42,99.0,1
42,100.0,1
43,0.0,0
43,1.0,0
43,2.0,0
43,3.0,0
43,4.0,1
43,5.0,1
43,6.0,1
43,7.0,1
43,8.0,0
43,9.0,1
43,10.0,1
43,11.0,1
43,12.0,1
43,13.0,1
43,14.0,1
43,15.0,1
43,16.0,1
43,17.0,1
43,18.0,1
43,19.0,0
43,20.0,0
43,21.0,0
43,22.0,1
43,23.0,1
43,24.0,1
43,25.0,1
43,26.0,1
43,27.0,0
43,28.0,1
43,29.0,1
43,30.0,1
43,31.0,1
43,32.0,1
43,33.0,1
43,34.0,0
43,35.0,1
43,36.0,1
43,37.0,1
43,38.0,1
43,39.0,0
43,40.0,1
43,41.0,1
43,42.0,1
43,43.0,1
43,44.0,1
43,45.0,1
43,46.0,1
43,47.0,0
43,48.0,1
43,49.0,1
43,50.0,1
43,51.0,1
43,52.0,1
43,53.0,1
43,54.0,1
43,55.0,0
43,56.0,1
43,57.0,0
43,58.0,1
43,59.0,1
43,60.0,1
43,61.0,1
43,62.0,1
43,63.0,1
43,64.0,1
43,65.0,1
43,66.0,1
43,67.0,1
43,68.0,1
43,69.0,1
43,70.0,0
43,71.0,1
43,72.0,1
43,73.0,1
43,74.0,1
43,75.0,0
43,76.0,0
43,77.0,0
43,78.0,1
43,79.0,1
43,80.0,1
43,81.0,1
43,82.0,1
43,83.0,1
43,84.0,1
43,85.0,1
43,86.0,1
43,87.0,1
43,88.0,1
43,89.0,1
43,90.0,1
43,91.0,1
43,92.0,0
43,93.0,1
43,94.0,0
43,95.0,0
43,96.0,1
43,97.0,1
43,98.0,1
43,99.0,1
43,100.0,1
44,0.0,0
44,1.0,0
44,2.0,1
44,3.0,1
44,4.0,1
44,5.0,1
44,6.0,1
44,7.0,1
44,8.0,1
44,9.0,1
44,10.0,1
44,11.0,1
44,12.0,0
44,13.0,1
44,14.0,0
44,15.0,1
44,16.0,1
44,17.0,1
44,18.0,1
44,19.0,1
44,20.0,0
44,21.0,1
44,22.0,0
44,23.0,1
44,24.0,1
44,25.0,0
44,26.0,0
44,27.0,1
44,28.0,0
44,29.0,1
44,30.0,1
44,31.0,0
44,32.0,0
44,33.0,1
44,34.0,0
44,35.0,0
44,36.0,1
44,37.0,0
44,38.0,0
44,39.0,0
44,40.0,0
44,41.0,0
44,42.0,1
44,43.0,1
44,44.0,0
44,45.0,1
44,46.0,0
44,47.0,0
44,48.0,1
44,49.0,1
44,50.0,1
44,51.0,0
44,52.0,0
44,53.0,1
44,54.0,1
44,55.0,1
44,56.0,1
44,57.0,1
44,58.0,1
44,59.0,1
44,60.0,1
44,61.0,1
44,62.0,1
44,63.0,1
44,64.0,1
44,65.0,0
44,66.0,1
44,67.0,1
44,68.0,1
44,69.0,1
44,70.0,1
44,71.0,1
44,72.0,1
44,73.0,1
44,74.0,1
44,75.0,1
44,76.0,0
44,77.0,1
44,78.0,0
44,79.0,1
44,80.0,1
44,81.0,1
44,82.0,0
44,83.0,0
44,84.0,0
44,85.0,1
44,86.0,0
44,87.0,1
44,88.0,1
44,89.0,1
44,90.0,1
44,91.0,1
44,92.0,1
44,93.0,1
44,94.0,1
44,95.0,1
44,96.0,1
44,97.0,1
44,98.0,1
44,99.0,1
44,100.0,0
45,0.0,0
45,1.0,0
45,2.0,0
45,3.0,0
45,4.0,0
45,5.0,1
45,6.0,1
45,7.0,0
45,8.0,0
45,9.0,1
45,10.0,0
45,11.0,1
45,12.0,1
45,13.0,1
45,14.0,1
45,15.0,1
45,16.0,1
45,17.0,1
45,18.0,1
45,19.0,1
45,20.0,0
45,21.0,1
45,22.0,1
45,23.0,1
45,24.0,1
45,25.0,0
45,26.0,1
45,27.0,1
45,28.0,1
45,29.0,0
45,30.0,1
45,31.0,1
45,32.0,0
45,33.0,0
45,34.0,0
45,35.0,0
45,36.0,1
45,37.0,1
45,38.0,1
45,39.0,0
45,40.0,0
45,41.0,1
45,42.0,0
45,43.0,1
45,44.0,0
45,45.0,0
45,46.0,1
45,47.0,0
45,48.0,0
45,49.0,1
45,50.0,0
45,51.0,1
45,52.0,1
45,53.0,0
45,54.0,1
45,55.0,1
45,56.0,1
45,57.0,0
45,58.0,0
45,59.0,0
45,60.0,1
45,61.0,1
45,62.0,1
45,63.0,0
45,64.0,1
45,65.0,1
45,66.0,1
45,67.0,0
45,68.0,0
45,69.0,0
45,70.0,0
45,71.0,1
45,72.0,1
45,73.0,1
45,74.0,1
45,75.0,1
45,76.0,1
45,77.0,1
45,78.0,1
45,79.0,1
45,80.0,1
45,81.0,1
45,82.0,0
45,83.0,1
45,84.0,1
45,85.0,1
45,86.0,1
45,87.0,0
45,88.0,0
45,89.0,0
45,90.0,0
45,91.0,1
45,92.0,1
45,93.0,1
45,94.0,1
45,95.0,1
45,96.0,0
45,97.0,0
45,98.0,0
45,99.0,1
45,100.0,1
46,0.0,0
46,1.0,0
46,2.0,0
46,3.0,0
46,4.0,1
46,5.0,1
46,6.0,1
46,7.0,0
46,8.0,0
46,9.0,0
46,10.0,1
46,11.0,1
46,12.0,1
46,13.0,0
46,14.0,1
46,15.0,1
46,16.0,1
46,17.0,1
46,18.0,0
46,19.0,0
46,20.0,1
46,21.0,1
46,22.0,1
46,23.0,1
46,24.0,1
46,25.0,0
46,26.0,1
46,27.0,0
46,28.0,1
46,29.0,1
46,30.0,1
46,31.0,1
46,32.0,1
46,33.0,1
46,34.0,1
46,35.0,1
46,36.0,0
46,37.0,1
46,38.0,1
46,39.0,1
46,40.0,1
46,41.0,1
46,42.0,0
46,43.0,1
46,44.0,1
46,45.0,1
46,46.0,1
46,47.0,0
46,48.0,0
46,49.0,1
46,50.0,1
46,51.0,0
46,52.0,1
46,53.0,1
46,54.0,1
46,55.0,0
46,56.0,1
46,57.0,1
46,58.0,1
46,59.0,1
46,60.0,1
46,61.0,1
46,62.0,1
46,63.0,1
46,64.0,1
46,65.0,1
46,66.0,1
46,67.0,1
46,68.0,1
46,69.0,1
46,70.0,1
46,71.0,1
46,72.0,0
46,73.0,0
46,74.0,0
46,75.0,1
46,76.0,0
46,77.0,0
46,78.0,0
46,79.0,1
46,80.0,1
46,81.0,1
46,82.0,1
46,83.0,1
46,84.0,0
46,85.0,0
46,86.0,0
46,87.0,1
46,88.0,1
46,89.0,1
46,90.0,0
46,91.0,1
46,92.0,0
46,93.0,1
46,94.0,1
46,95.0,0
46,96.0,1
46,97.0,0
46,98.0,0
46,99.0,1
46,100.0,1
47,0.0,0
47,1.0,0
47,2.0,0
47,3.0,0
47,4.0,0
47,5.0,1
47,6.0,1
47,7.0,0
47,8.0,1
47,9.0,1
47,10.0,0
47,11.0,0
47,12.0,1
47,13.0,1
47,14.0,1
47,15.0,0
47,16.0,1
47,17.0,1
47,18.0,1
47,19.0,1
47,20.0,0
47,21.0,0
47,22.0,0
47,23.0,1
47,24.0,0
47,25.0,1
47,26.0,1
47,27.0,1
47,28.0,1
47,29.0,1
47,30.0,1
47,31.0,1
47,32.0,1
47,33.0,0
47,34.0,0
47,35.0,1
47,36.0,1
47,37.0,1
47,38.0,0
47,39.0,1
47,40.0,1
47,41.0,0
47,42.0,0
47,43.0,1
47,44.0,1
47,45.0,1
47,46.0,1
47,47.0,1
47,48.0,1
47,49.0,1
47,50.0,1
47,51.0,0
47,52.0,1
47,53.0,1
47,54.0,0
47,55.0,1
47,56.0,1
47,57.0,1
47,58.0,1
47,59.0,1
47,60.0,1
47,61.0,1
47,62.0,1
47,63.0,1
47,64.0,0
47,65.0,1
47,66.0,1
47,67.0,1
47,68.0,1
47,69.0,1
47,70.0,1
47,71.0,0
47,72.0,1
47,73.0,1
47,74.0,1
47,75.0,1
47,76.0,1
47,77.0,1
47,78.0,1
47,79.0,0
47,80.0,1
47,81.0,1
47,82.0,1
47,83.0,1
47,84.0,1
47,85.0,1
47,86.0,1
47,87.0,1
47,88.0,1
47,89.0,1
47,90.0,0
47,91.0,1
47,92.0,1
47,93.0,1
47,94.0,1
47,95.0,1
47,96.0,1
47,97.0,1
47,98.0,1
47,99.0,1
47,100.0,1
48,0.0,0
48,1.0,0
48,2.0,0
48,3.0,0
48,4.0,0
48,5.0,1
48,6.0,1
48,7.0,1
48,8.0,0
48,9.0,1
48,10.0,0
48,11.0,1
48,12.0,1
48,13.0,1
48,14.0,0
48,15.0,1
48,16.0,1
48,17.0,1
48,18.0,1
48,19.0,1
48,20.0,1
48,21.0,1
48,22.0,1
48,23.0,1
48,24.0,0
48,25.0,1
48,26.0,1
48,27.0,1
48,28.0,1
48,29.0,1
48,30.0,0
48,31.0,0
48,32.0,0
48,33.0,0
48,34.0,0
48,35.0,0
48,36.0,1
48,37.0,0
48,38.0,0
48,39.0,1
48,40.0,1
48,41.0,0
48,42.0,0
48,43.0,0
48,44.0,1
48,45.0,1
48,46.0,1
48,47.0,1
48,48.0,1
48,49.0,1
48,50.0,1
48,51.0,1
48,52.0,1
48,53.0,1
48,54.0,0
48,55.0,0
48,56.0,0
48,57.0,0
48,58.0,1
48,59.0,1
48,60.0,0
48,61.0,1
48,62.0,1
48,63.0,1
48,64.0,1
48,65.0,0
48,66.0,0
48,67.0,1
48,68.0,1
48,69.0,1
48,70.0,1
48,71.0,1
48,72.0,1
48,73.0,1
48,74.0,0
48,75.0,1
48,76.0,1
48,77.0,1
48,78.0,1
48,79.0,0
48,80.0,1
48,81.0,0
48,82.0,1
48,83.0,1
48,84.0,1
48,85.0,0
48,86.0,1
48,87.0,0
48,88.0,0
48,89.0,0
48,90.0,1
48,91.0,1
48,92.0,1
48,93.0,1
48,94.0,0
48,95.0,0
48,96.0,1
48,97.0,0
48,98.0,0
48,99.0,1
48,100.0,0
49,0.0,0
49,1.0,0
49,2.0,0
49,3.0,1
49,4.0,1
49,5.0,1
49,6.0,1
49,7.0,1
49,8.0,1
49,9.0,1
49,10.0,1
49,11.0,1
49,12.0,0
49,13.0,0
49,14.0,1
49,15.0,1
49,16.0,1
49,17.0,1
49,18.0,1
49,19.0,1
49,20.0,1
49,21.0,1
49,22.0,1
49,23.0,1
49,24.0,1
49,25.0,0
49,26.0,1
49,27.0,1
49,28.0,1
49,29.0,1
49,30.0,1
49,31.0,1
49,32.0,1
49,33.0,1
49,34.0,1
49,35.0,1
49,36.0,0
49,37.0,1
49,38.0,1
49,39.0,1
49,40.0,1
49,41.0,1
49,42.0,1
49,43.0,1
49,44.0,1
49,45.0,1
49,46.0,1
49,47.0,1
49,48.0,1
49,49.0,1
49,50.0,1
49,51.0,1
49,52.0,1
49,53.0,1
49,54.0,1
49,55.0,1
49,56.0,1
49,57.0,0
49,58.0,0
49,59.0,1
49,60.0,0
49,61.0,1
49,62.0,1
49,63.0,1
49,64.0,0
49,65.0,1
49,66.0,1
49,67.0,0
49,68.0,0
49,69.0,0
49,70.0,0
49,71.0,0
49,72.0,1
49,73.0,1
49,74.0,1
49,75.0,1
49,76.0,1
49,77.0,1
49,78.0,1
49,79.0,0
49,80.0,1
49,81.0,1
49,82.0,1
49,83.0,1
49,84.0,1
49,85.0,1
49,86.0,1
49,87.0,1
49,88.0,1
49,89.0,1
49,90.0,1
49,91.0,1
49,92.0,1
49,93.0,0
49,94.0,1
49,95.0,1
49,96.0,1
49,97.0,1
49,98.0,1
49,99.0,0
49,100.0,0
50,0.0,0
50,1.0,0
50,2.0,0
50,3.0,0
50,4.0,0
50,5.0,0
50,6.0,0
50,7.0,1
50,8.0,1
50,9.0,1
50,10.0,1
50,11.0,1
50,12.0,1
50,13.0,0
50,14.0,0
50,15.0,1
50,16.0,1
50,17.0,1
50,18.0,1
50,19.0,1
50,20.0,1
50,21.0,1
50,22.0,1
50,23.0,1
50,24.0,1
50,25.0,1
50,26.0,1
50,27.0,1
50,28.0,1
50,29.0,1
50,30.0,1
50,31.0,1
50,32.0,1
50,33.0,0
50,34.0,1
50,35.0,1
50,36.0,1
50,37.0,1
50,38.0,0
50,39.0,1
50,40.0,1
50,41.0,1
50,42.0,1
50,43.0,1
50,44.0,0
50,45.0,1
50,46.0,1
50,47.0,0
50,48.0,1
50,49.0,0
50,50.0,1
50,51.0,0
50,52.0,0
50,53.0,1
50,54.0,1
50,55.0,1
50,56.0,1
50,57.0,1
50,58.0,1
50,59.0,1
50,60.0,1
50,61.0,1
50,62.0,1
50,63.0,1
50,64.0,1
50,65.0,1
50,66.0,1
50,67.0,1
50,68.0,1
50,69.0,1
50,70.0,1
50,71.0,1
50,72.0,0
50,73.0,1
50,74.0,1
50,75.0,1
50,76.0,1
50,77.0,1
50,78.0,1
50,79.0,1
50,80.0,1
50,81.0,1
50,82.0,1
50,83.0,0
50,84.0,1
50,85.0,1
50,86.0,0
50,87.0,0
50,88.0,1
50,89.0,1
50,90.0,1
50,91.0,1
50,92.0,1
50,93.0,0
50,94.0,1
50,95.0,1
50,96.0,1
50,97.0,1
50,98.0,0
50,99.0,1
50,100.0,1
